Data_Hash	Braid_ID	Signed	MIME_Type	Attribued_To	Created_At
52d819f2593468a78ede63bfbd6270bb2589e18088a85c47ba840a7e24c037fa	urn:braid:52d819f2593468a78ede63bfbd6270bb2589e18088a85c47ba840a7e24c037fa	true	application/x-chunked-braid	did:primal:e867f89e-cafc-4431-9e5e-7ff78a43747e	1786605621682913506
58aa98c6df385115cd35c20b38bf80b5f412b2f9a8d10c66128e945781173558	urn:braid:58aa98c6df385115cd35c20b38bf80b5f412b2f9a8d10c66128e945781173558	true	application/x-chunked-braid	did:primal:e867f89e-cafc-4431-9e5e-7ff78a43747e	1786531483825564040
77b4b0d0df6e24da27b22e198c10c95ed44827e64a746360976740664216a733	urn:braid:77b4b0d0df6e24da27b22e198c10c95ed44827e64a746360976740664216a733	true	application/x-chunked-braid	did:primal:e867f89e-cafc-4431-9e5e-7ff78a43747e	1786531087410998176
3569d0ceff4f33e8fe77290cd0143278f93d41f51cb9ea4d84a9f315eb71ef3d	urn:braid:3569d0ceff4f33e8fe77290cd0143278f93d41f51cb9ea4d84a9f315eb71ef3d	true	application/x-chunked-braid	did:primal:e867f89e-cafc-4431-9e5e-7ff78a43747e	1786531044746368379
0258011984826b3265c887684008f890bc7162157cebdc36800a4303c0c0dab6	urn:braid:0258011984826b3265c887684008f890bc7162157cebdc36800a4303c0c0dab6	true	application/x-chunked-braid	did:primal:e867f89e-cafc-4431-9e5e-7ff78a43747e	1786530837093908212
e40d88cc064f31495be036775416742ea6a2fe911a5bb35ef4e10c21deb91235	urn:braid:e40d88cc064f31495be036775416742ea6a2fe911a5bb35ef4e10c21deb91235	true	application/x-chunked-braid	did:primal:e867f89e-cafc-4431-9e5e-7ff78a43747e	1786530354374327262
7e25212453fb515795d77db684fc35a971a2e90ee17ead55dca51beab182b517	urn:braid:7e25212453fb515795d77db684fc35a971a2e90ee17ead55dca51beab182b517	true	application/x-chunked-braid	did:primal:e867f89e-cafc-4431-9e5e-7ff78a43747e	1786530225031418110
2c2a14039b171de24649c0e123334d1b8f750827ac3e085e9deacae74562747b	urn:braid:2c2a14039b171de24649c0e123334d1b8f750827ac3e085e9deacae74562747b	true	application/x-chunked-braid	did:primal:e867f89e-cafc-4431-9e5e-7ff78a43747e	1786530216715720308
672bcc58406c58d622889b841f3cf113d6f39304d836b7a8eed6506b3aca9e7b	urn:braid:672bcc58406c58d622889b841f3cf113d6f39304d836b7a8eed6506b3aca9e7b	true	application/x-chunked-braid	did:primal:e867f89e-cafc-4431-9e5e-7ff78a43747e	1786530141671981719
f36e78dde4a5070ae414ee0ecfc084c3e99d91d97cb4b368bbc8efe928eaac80	urn:braid:f36e78dde4a5070ae414ee0ecfc084c3e99d91d97cb4b368bbc8efe928eaac80	true	application/x-chunked-braid	did:primal:e867f89e-cafc-4431-9e5e-7ff78a43747e	1786530088764268376
8a5e98af5d5a1659d0d8529ccea0ae899e8fcf47e79cfaa7922faace979f2535	urn:braid:8a5e98af5d5a1659d0d8529ccea0ae899e8fcf47e79cfaa7922faace979f2535	true	application/x-chunked-braid	did:primal:e867f89e-cafc-4431-9e5e-7ff78a43747e	1786530075155785060
b8651242dce4f7a60cb7cee74c2cca2e80d562230686254240fbe514a68ab16c	urn:braid:b8651242dce4f7a60cb7cee74c2cca2e80d562230686254240fbe514a68ab16c	true	application/x-chunked-braid	did:primal:e867f89e-cafc-4431-9e5e-7ff78a43747e	1786529966747549638
900536326ce860c374643db0d489f2c52a76ac610ab33fff0e65b1434fa48bcb	urn:braid:900536326ce860c374643db0d489f2c52a76ac610ab33fff0e65b1434fa48bcb	true	application/x-chunked-braid	did:primal:e867f89e-cafc-4431-9e5e-7ff78a43747e	1786529849870216004
d0ebf339266aab2c2b2ffc2254140bcc386ea41230cb46b2a87ec80abb851cd8	urn:braid:d0ebf339266aab2c2b2ffc2254140bcc386ea41230cb46b2a87ec80abb851cd8	true	application/x-chunked-braid	did:primal:e867f89e-cafc-4431-9e5e-7ff78a43747e	1786529626827484290
7b13e96e0ec1e9503f6bf323f5841a2e9554ad56680bbcd36cba6e5ac8dac0a4	urn:braid:7b13e96e0ec1e9503f6bf323f5841a2e9554ad56680bbcd36cba6e5ac8dac0a4	true	application/x-chunked-braid	did:primal:e867f89e-cafc-4431-9e5e-7ff78a43747e	1786529576337371122
8c951ecb6239aabb8e45dafe8c9dfbf99be9e282678424436accc9e9cb635258	urn:braid:8c951ecb6239aabb8e45dafe8c9dfbf99be9e282678424436accc9e9cb635258	true	application/x-chunked-braid	did:primal:e867f89e-cafc-4431-9e5e-7ff78a43747e	1786529560817206986
c76edea9b7799d8b6e93793bfa2859dc6a0ac20663d56976be90f078230cc291	urn:braid:c76edea9b7799d8b6e93793bfa2859dc6a0ac20663d56976be90f078230cc291	true	application/x-chunked-braid	did:primal:e867f89e-cafc-4431-9e5e-7ff78a43747e	1786529556656475296
7d4b5f8cecc882d9ba6293fd1c1e3d2385564483e049990cad9fbbb092aee13d	urn:braid:7d4b5f8cecc882d9ba6293fd1c1e3d2385564483e049990cad9fbbb092aee13d	true	application/x-chunked-braid	did:primal:e867f89e-cafc-4431-9e5e-7ff78a43747e	1786529538679007697
13c3f4640075e1e5346566440556f860cb5fbf9b1f0fe2ac048fbfa8181793a5	urn:braid:13c3f4640075e1e5346566440556f860cb5fbf9b1f0fe2ac048fbfa8181793a5	true	application/x-chunked-braid	did:primal:e867f89e-cafc-4431-9e5e-7ff78a43747e	1786529532775432509
aa4a245cbf84436757932566bfff2ce6a100281a0d6fd171b36e8612d9f70de6	urn:braid:aa4a245cbf84436757932566bfff2ce6a100281a0d6fd171b36e8612d9f70de6	true	application/x-inflight-test	did:primal:e867f89e-cafc-4431-9e5e-7ff78a43747e	1786529454220292671
84c5bd4b194799ceb6604b392ff4024b1035f2b51c7d4d4805aae70785716276	urn:braid:84c5bd4b194799ceb6604b392ff4024b1035f2b51c7d4d4805aae70785716276	true	application/x-chunked-braid	did:primal:e867f89e-cafc-4431-9e5e-7ff78a43747e	1786529425906487916
e5583429d98676c519ee87dead8e8e104c1eeec0a700158f19d8770dac757073	urn:braid:e5583429d98676c519ee87dead8e8e104c1eeec0a700158f19d8770dac757073	true	application/x-chunked-braid	did:primal:e867f89e-cafc-4431-9e5e-7ff78a43747e	1786529397092845018
ea4e4a5ae3f04ec77fad7d08223bfcd5bd5a316d6ee95b8f39cb57dce44e9895	urn:braid:ea4e4a5ae3f04ec77fad7d08223bfcd5bd5a316d6ee95b8f39cb57dce44e9895	true	application/x-chunked-braid	did:primal:e867f89e-cafc-4431-9e5e-7ff78a43747e	1786526136498982710
90a515353858427172747a66105a58524b1c4f5ffe0967371f2c01623177f622	urn:braid:90a515353858427172747a66105a58524b1c4f5ffe0967371f2c01623177f622	true	application/x-chunked-braid	did:primal:e867f89e-cafc-4431-9e5e-7ff78a43747e	1786525158445257409
d43b32f560e3de07f668fa2865eb91a051e53936999120163ac0c4bf3f56bac2	urn:braid:d43b32f560e3de07f668fa2865eb91a051e53936999120163ac0c4bf3f56bac2	true	application/x-chunked-braid	did:primal:e867f89e-cafc-4431-9e5e-7ff78a43747e	1786524193753775520
3d04fe9b20bc633632abf379ff87319810ffe9228c67bd292302e32938fa0563	urn:braid:3d04fe9b20bc633632abf379ff87319810ffe9228c67bd292302e32938fa0563	true	application/x-chunked-braid	did:primal:e867f89e-cafc-4431-9e5e-7ff78a43747e	1786523203918401744
e1638ee5685316655ed6ac4889ef1fcf4185dfddacd38e370fffcb3c9baa2746	urn:braid:e1638ee5685316655ed6ac4889ef1fcf4185dfddacd38e370fffcb3c9baa2746	true	application/x-chunked-braid	did:primal:e867f89e-cafc-4431-9e5e-7ff78a43747e	1786522210410558396
36dfaf9bef3a28426cbc12ad46293e1513b2017567cf1ba4540522da9f8c26b3	urn:braid:36dfaf9bef3a28426cbc12ad46293e1513b2017567cf1ba4540522da9f8c26b3	true	application/x-chunked-braid	did:primal:e867f89e-cafc-4431-9e5e-7ff78a43747e	1786521175197254323
541fb9f557ea12e14bd175a7eb4daf72b8ce9cc73fb9a85b31daa79f982ad0b9	urn:braid:541fb9f557ea12e14bd175a7eb4daf72b8ce9cc73fb9a85b31daa79f982ad0b9	true	application/x-chunked-braid	did:primal:e867f89e-cafc-4431-9e5e-7ff78a43747e	1786520155210507407
d92669caeb576b95ae4cd4b0344203629eda6d6d2e92b835c39f51be1aa84a3d	urn:braid:d92669caeb576b95ae4cd4b0344203629eda6d6d2e92b835c39f51be1aa84a3d	true	application/x-chunked-braid	did:primal:e867f89e-cafc-4431-9e5e-7ff78a43747e	1786519079491738206
9b5ad7e136a94213432ecb3e76b37c00ee93b28ec6828fde6a020818b557a356	urn:braid:9b5ad7e136a94213432ecb3e76b37c00ee93b28ec6828fde6a020818b557a356	true	application/x-chunked-braid	did:primal:e867f89e-cafc-4431-9e5e-7ff78a43747e	1786504794292991998
b00c4f61b7296389d6f75a993bfadcb74746eb97d1d21577a1cbf5b98b68ee98	urn:braid:b00c4f61b7296389d6f75a993bfadcb74746eb97d1d21577a1cbf5b98b68ee98	true	application/x-chunked-braid	did:primal:e867f89e-cafc-4431-9e5e-7ff78a43747e	1786504792629568658
6e781c9c633123df0bb023f60472e6aae3dea4a9ff406ee6ff789f2af3b400b4	urn:braid:6e781c9c633123df0bb023f60472e6aae3dea4a9ff406ee6ff789f2af3b400b4	true	application/x-chunked-braid	did:primal:e867f89e-cafc-4431-9e5e-7ff78a43747e	1786504792560121867
2c01159783b7d8dcec9d49205fe766b471517f90d64ab8c69423d6b5376b658a	urn:braid:2c01159783b7d8dcec9d49205fe766b471517f90d64ab8c69423d6b5376b658a	true	application/x-chunked-braid	did:primal:e867f89e-cafc-4431-9e5e-7ff78a43747e	1786504792498396814
ecc11ecebd93a70cf21787f2b4d47b0e2033c2206a76328d23857d5701254bcd	urn:braid:ecc11ecebd93a70cf21787f2b4d47b0e2033c2206a76328d23857d5701254bcd	true	application/x-chunked-braid	did:primal:e867f89e-cafc-4431-9e5e-7ff78a43747e	1786503670136695620
015f7252e0d1520fd07f42d25249565a3700d412e65546c8c1fb357f9583691d	urn:braid:015f7252e0d1520fd07f42d25249565a3700d412e65546c8c1fb357f9583691d	true	application/x-chunked-braid	did:primal:e867f89e-cafc-4431-9e5e-7ff78a43747e	1786503662224986415
39d9b11340603eee2afdc523d0e48c16cd33b5e374d74b4440e7c54815cf6862	urn:braid:39d9b11340603eee2afdc523d0e48c16cd33b5e374d74b4440e7c54815cf6862	true	application/x-chunked-braid	did:primal:e867f89e-cafc-4431-9e5e-7ff78a43747e	1786503661806552134
0477ab85f2ec1e6b6cadefe8e13dc488824d534b6f515251888365b58e9f395b	urn:braid:0477ab85f2ec1e6b6cadefe8e13dc488824d534b6f515251888365b58e9f395b	true	application/x-chunked-braid	did:primal:e867f89e-cafc-4431-9e5e-7ff78a43747e	1786503658823879038
eb564223cf1e2a8e787f009e10c858e1a56fe90f8f5df047e7a01797c5b97d9e	urn:braid:eb564223cf1e2a8e787f009e10c858e1a56fe90f8f5df047e7a01797c5b97d9e	true	application/x-chunked-braid	did:primal:e867f89e-cafc-4431-9e5e-7ff78a43747e	1786503601918327941
a41755f108c7560c1d6ee248a0d712fc57aaa68efd0628d915945becf2c29133	urn:braid:a41755f108c7560c1d6ee248a0d712fc57aaa68efd0628d915945becf2c29133	true	application/x-chunked-braid	did:primal:e867f89e-cafc-4431-9e5e-7ff78a43747e	1786503601429056972
3e4e758981beac4d489b4e893bcb9ff0c511a28566ec3c6be743de98c8ddfb93	urn:braid:3e4e758981beac4d489b4e893bcb9ff0c511a28566ec3c6be743de98c8ddfb93	true	application/x-chunked-braid	did:primal:e867f89e-cafc-4431-9e5e-7ff78a43747e	1786503479892911282
5d0d0e2e961b193fc164b5899b538ee4a1ebf1a8aa070c4b03beda7dc6bad98f	urn:braid:5d0d0e2e961b193fc164b5899b538ee4a1ebf1a8aa070c4b03beda7dc6bad98f	true	application/x-chunked-braid	did:primal:e867f89e-cafc-4431-9e5e-7ff78a43747e	1786503479404585748
f1c25a55045f4c7b1acf5de9a5f3c708741be09771249eb604ef7db54ad0b909	urn:braid:f1c25a55045f4c7b1acf5de9a5f3c708741be09771249eb604ef7db54ad0b909	true	application/x-chunked-braid	did:primal:e867f89e-cafc-4431-9e5e-7ff78a43747e	1786503479047153227
fcd2ce9e89396639fceaadc17f62091393b3086b0ba67bc71869246b479127ea	urn:braid:fcd2ce9e89396639fceaadc17f62091393b3086b0ba67bc71869246b479127ea	true	application/x-chunked-braid	did:primal:e867f89e-cafc-4431-9e5e-7ff78a43747e	1786503477893614796
1cc82f9879deda79487435c6f7f8dba10c97b6f0c679fd87df1833930ac860b0	urn:braid:1cc82f9879deda79487435c6f7f8dba10c97b6f0c679fd87df1833930ac860b0	true	application/x-chunked-braid	did:primal:e867f89e-cafc-4431-9e5e-7ff78a43747e	1786503477397851297
87491b74bd0af384050afeab05910684623af217b18ad826d96866bc8cde452f	urn:braid:87491b74bd0af384050afeab05910684623af217b18ad826d96866bc8cde452f	true	application/x-chunked-braid	did:primal:e867f89e-cafc-4431-9e5e-7ff78a43747e	1786503477137916300
d3277223a0ec751d8f3990b76405d5286b7f743b5c15ced58be330989d57c542	urn:braid:d3277223a0ec751d8f3990b76405d5286b7f743b5c15ced58be330989d57c542	true	application/x-chunked-braid	did:primal:e867f89e-cafc-4431-9e5e-7ff78a43747e	1786503476778511699
a345c3cb60e1349968cf15ceee6a33583144c52cd0f794efb40a20a826635063	urn:braid:a345c3cb60e1349968cf15ceee6a33583144c52cd0f794efb40a20a826635063	true	application/x-chunked-braid	did:primal:e867f89e-cafc-4431-9e5e-7ff78a43747e	1786503476443381344
f200ac68f5dfbc25c1549f5c328b4e93248d47f1cb3ba171430ff0feb4372ec5	urn:braid:f200ac68f5dfbc25c1549f5c328b4e93248d47f1cb3ba171430ff0feb4372ec5	true	application/x-chunked-braid	did:primal:e867f89e-cafc-4431-9e5e-7ff78a43747e	1786503475813724157
cf221a217725da24fb8abb3fe351073662815502b195374110ad3dd4394a09c2	urn:braid:cf221a217725da24fb8abb3fe351073662815502b195374110ad3dd4394a09c2	true	application/x-chunked-braid	did:primal:e867f89e-cafc-4431-9e5e-7ff78a43747e	1786503475571920006
9bfcfc3dd1e2151868042794c9943291c5b4c9cd0d2e35352471acf436a558b3	urn:braid:9bfcfc3dd1e2151868042794c9943291c5b4c9cd0d2e35352471acf436a558b3	true	application/x-chunked-braid	did:primal:e867f89e-cafc-4431-9e5e-7ff78a43747e	1786503430235898314
657ebdaf21ad70b4509af358abb8859e099ce3d9d2cc5d338139f97af7aec344	urn:braid:657ebdaf21ad70b4509af358abb8859e099ce3d9d2cc5d338139f97af7aec344	true	application/x-chunked-braid	did:primal:e867f89e-cafc-4431-9e5e-7ff78a43747e	1786503429150685309
c08c081e22127c90be94015c27982db5dd10f774bf8d139bcb929f56b2260bda	urn:braid:c08c081e22127c90be94015c27982db5dd10f774bf8d139bcb929f56b2260bda	true	application/x-chunked-braid	did:primal:e867f89e-cafc-4431-9e5e-7ff78a43747e	1786503394354472259
ac6b59b032ef32a432d6b3a82cd0bf2a0c74691297bc69659dee82895ce9e6ca	urn:braid:ac6b59b032ef32a432d6b3a82cd0bf2a0c74691297bc69659dee82895ce9e6ca	true	application/x-chunked-braid	did:primal:e867f89e-cafc-4431-9e5e-7ff78a43747e	1786503317613244736
8e8ca652c4bd711a32db4aabc90be73af5ab940fd132e835428b1e4bf88dc7f1	urn:braid:8e8ca652c4bd711a32db4aabc90be73af5ab940fd132e835428b1e4bf88dc7f1	true	application/x-chunked-braid	did:primal:e867f89e-cafc-4431-9e5e-7ff78a43747e	1786503317534267290
5f58b43ec91372384867171fb3ab33930f7f81cdc939ed309a04ed2059cb7088	urn:braid:5f58b43ec91372384867171fb3ab33930f7f81cdc939ed309a04ed2059cb7088	true	application/x-chunked-braid	did:primal:e867f89e-cafc-4431-9e5e-7ff78a43747e	1786503316764012534
4666fc7543758abea6f027923254205803587eafa15eecc63dfecf15ae3cf678	urn:braid:4666fc7543758abea6f027923254205803587eafa15eecc63dfecf15ae3cf678	true	application/x-chunked-braid	did:primal:e867f89e-cafc-4431-9e5e-7ff78a43747e	1786503299166281999
1f6c966a120fb0f172f4db500d93febb566780816b26b9da8263778c53b80956	urn:braid:1f6c966a120fb0f172f4db500d93febb566780816b26b9da8263778c53b80956	true	application/x-chunked-braid	did:primal:e867f89e-cafc-4431-9e5e-7ff78a43747e	1786503298977531551
eb95fe23fb523405004484d2c2eee0e110ae62b418338b2ea3c2566cea373a1b	urn:braid:eb95fe23fb523405004484d2c2eee0e110ae62b418338b2ea3c2566cea373a1b	true	application/x-chunked-braid	did:primal:e867f89e-cafc-4431-9e5e-7ff78a43747e	1786503298746242460
4c13fa3ee0411e3242cf3584d906c49c2a6ef68cdf486cf2684dde22f975eafc	urn:braid:4c13fa3ee0411e3242cf3584d906c49c2a6ef68cdf486cf2684dde22f975eafc	true	application/x-chunked-braid	did:primal:e867f89e-cafc-4431-9e5e-7ff78a43747e	1786503216515105008
3598b6e95160d747dda5bfda0b1eaa360b192ae093d6a37d2f878a7326fe0f67	urn:braid:3598b6e95160d747dda5bfda0b1eaa360b192ae093d6a37d2f878a7326fe0f67	true	application/x-chunked-braid	did:primal:e867f89e-cafc-4431-9e5e-7ff78a43747e	1786503216058004143
3b56db13f2fce8ecf515ed72ee71dedae891b605f8d1bcd175d5ae18ba94024c	urn:braid:3b56db13f2fce8ecf515ed72ee71dedae891b605f8d1bcd175d5ae18ba94024c	true	application/x-chunked-braid	did:primal:e867f89e-cafc-4431-9e5e-7ff78a43747e	1786500816776562702
b3ef68f06a44f9bb22e67743bd73b2c9fb3640039dbc5bc4d0cc1d79e68ac603	urn:braid:b3ef68f06a44f9bb22e67743bd73b2c9fb3640039dbc5bc4d0cc1d79e68ac603	true	application/x-chunked-braid	did:primal:e867f89e-cafc-4431-9e5e-7ff78a43747e	1786500685740836786
f6f8fc0e373f87d93b3ce4d0f2fd6553b5b31238dc3efb4a881be1c248a39e08	urn:braid:f6f8fc0e373f87d93b3ce4d0f2fd6553b5b31238dc3efb4a881be1c248a39e08	true	application/x-chunked-braid	did:primal:e867f89e-cafc-4431-9e5e-7ff78a43747e	1786500685504583972
4284a8e51187d871d8cdaf544151735e6d8715dece4de0cb7359b2cb9213a976	urn:braid:4284a8e51187d871d8cdaf544151735e6d8715dece4de0cb7359b2cb9213a976	true	application/x-chunked-braid	did:primal:e867f89e-cafc-4431-9e5e-7ff78a43747e	1786500685367049488
7046722b86ede0769f540040fb3a1585af44f6f8353f7510ed1bc548f1fb28af	urn:braid:7046722b86ede0769f540040fb3a1585af44f6f8353f7510ed1bc548f1fb28af	true	application/x-chunked-braid	did:primal:e867f89e-cafc-4431-9e5e-7ff78a43747e	1786500680275852247
8f7199e017ced2b18af92792394bfda428eccac258cfc29e1200dc2aef4b32c5	urn:braid:8f7199e017ced2b18af92792394bfda428eccac258cfc29e1200dc2aef4b32c5	true	application/x-chunked-braid	did:primal:e867f89e-cafc-4431-9e5e-7ff78a43747e	1786500680177449489
2d88dec3a5ca3eecd45809f5d5096217e290e3dbdf73ed35a0799214ac9a6caf	urn:braid:2d88dec3a5ca3eecd45809f5d5096217e290e3dbdf73ed35a0799214ac9a6caf	true	application/x-chunked-braid	did:primal:e867f89e-cafc-4431-9e5e-7ff78a43747e	1786500673194359491
01cb4e0566e49f28565522b8a7563af243aa3c18c892aae5e4d0f2b451c5acda	urn:braid:01cb4e0566e49f28565522b8a7563af243aa3c18c892aae5e4d0f2b451c5acda	true	application/x-chunked-braid	did:primal:e867f89e-cafc-4431-9e5e-7ff78a43747e	1786500673140650346
00a9cf33d57bac2751ef5a5ca63374ab3b6e8f304ec7e382ba07331c1649348a	urn:braid:00a9cf33d57bac2751ef5a5ca63374ab3b6e8f304ec7e382ba07331c1649348a	true	application/x-chunked-braid	did:primal:e867f89e-cafc-4431-9e5e-7ff78a43747e	1786500671409205182
3c843dbe589aba242c281b3c5385b482586c0ef51de311f77f739359388c8658	urn:braid:3c843dbe589aba242c281b3c5385b482586c0ef51de311f77f739359388c8658	true	application/x-chunked-braid	did:primal:e867f89e-cafc-4431-9e5e-7ff78a43747e	1786500671095337569
cfbd7bd36c666253d6a7b320e068cac7138afdb57cd59dc0e59e4445f2314295	urn:braid:cfbd7bd36c666253d6a7b320e068cac7138afdb57cd59dc0e59e4445f2314295	true	application/x-chunked-braid	did:primal:e867f89e-cafc-4431-9e5e-7ff78a43747e	1786499873570073484
5bd50fb7cc2b7d119c3493bf03c1e111402840c62cacda3241f36d99145ab061	urn:braid:5bd50fb7cc2b7d119c3493bf03c1e111402840c62cacda3241f36d99145ab061	true	application/x-chunked-braid	did:primal:e867f89e-cafc-4431-9e5e-7ff78a43747e	1786499873514882742
3539a4d2fa84cb30f29d210930a12c75a628bafbb335d17b2a23c4c01e75acd2	urn:braid:3539a4d2fa84cb30f29d210930a12c75a628bafbb335d17b2a23c4c01e75acd2	true	application/x-chunked-braid	did:primal:e867f89e-cafc-4431-9e5e-7ff78a43747e	1786499858587757708
baa9bd57b0ad031bf6b7c2d7b453bc67e49fe1977290e8dc9007b32e4ff9e389	urn:braid:baa9bd57b0ad031bf6b7c2d7b453bc67e49fe1977290e8dc9007b32e4ff9e389	true	application/x-chunked-braid	did:primal:e867f89e-cafc-4431-9e5e-7ff78a43747e	1786499847099250250
d4363ca78a306eeb4ebc2a8547cfd98dcc8e585afc68105ad0b38c77b0eeacdd	urn:braid:d4363ca78a306eeb4ebc2a8547cfd98dcc8e585afc68105ad0b38c77b0eeacdd	true	application/x-chunked-braid	did:primal:e867f89e-cafc-4431-9e5e-7ff78a43747e	1786499700233785483
9dcdcf0d3427313410f38b2d80efb00288e0cbe0c6f71342513755c3ae82162e	urn:braid:9dcdcf0d3427313410f38b2d80efb00288e0cbe0c6f71342513755c3ae82162e	true	application/x-chunked-braid	did:primal:e867f89e-cafc-4431-9e5e-7ff78a43747e	1786499668693494576
7214d6998154eba2b2bd4f4ce452517c5f1e9e43cf6d98ae2814975ca24142e8	urn:braid:7214d6998154eba2b2bd4f4ce452517c5f1e9e43cf6d98ae2814975ca24142e8	true	application/x-chunked-braid	did:primal:e867f89e-cafc-4431-9e5e-7ff78a43747e	1786499632925086203
e398b4da8c0b95539f307ec06fa42c198118c977f5b7fe5cdce34a4bdeee92d2	urn:braid:e398b4da8c0b95539f307ec06fa42c198118c977f5b7fe5cdce34a4bdeee92d2	true	application/x-chunked-braid	did:primal:e867f89e-cafc-4431-9e5e-7ff78a43747e	1786499632509036307
c24459f08f3e97658c780bec08a3e973b64e4a12c0f1c5da64dc0109844f358f	urn:braid:c24459f08f3e97658c780bec08a3e973b64e4a12c0f1c5da64dc0109844f358f	true	application/x-chunked-braid	did:primal:e867f89e-cafc-4431-9e5e-7ff78a43747e	1786499631354247930
6a87863142e3216c45859cd470a033c7a3fca9112f75723c8fb01102eefa7bd0	urn:braid:6a87863142e3216c45859cd470a033c7a3fca9112f75723c8fb01102eefa7bd0	true	application/x-chunked-braid	did:primal:e867f89e-cafc-4431-9e5e-7ff78a43747e	1786499630869396897
000f21a061a572d4b048b9c1e0d09433d9eab286be6fec353399ce15ff40b6a3	urn:braid:000f21a061a572d4b048b9c1e0d09433d9eab286be6fec353399ce15ff40b6a3	true	application/x-chunked-braid	did:primal:e867f89e-cafc-4431-9e5e-7ff78a43747e	1786499630791238486
98f39733d61e143204bbf0a83cafbd7b58980faf627e60cb66cc533f644cc0e3	urn:braid:98f39733d61e143204bbf0a83cafbd7b58980faf627e60cb66cc533f644cc0e3	true	application/x-chunked-braid	did:primal:e867f89e-cafc-4431-9e5e-7ff78a43747e	1786499627986312291
1df99ac4af4fc78e8b2a9b6b69ad7d4880e8f6a78a9531e89099ef569283b2a1	urn:braid:1df99ac4af4fc78e8b2a9b6b69ad7d4880e8f6a78a9531e89099ef569283b2a1	true	application/x-chunked-braid	did:primal:e867f89e-cafc-4431-9e5e-7ff78a43747e	1786499627731027248
b2e1417702cce62a653c612cc0d17bb8ea3fc9d373f941d07a3297394c023759	urn:braid:b2e1417702cce62a653c612cc0d17bb8ea3fc9d373f941d07a3297394c023759	true	application/x-chunked-braid	did:primal:e867f89e-cafc-4431-9e5e-7ff78a43747e	1786499627272719361
f22a4c1bdbc3ebbbd683f45ff8304703a391549ebd28e4be078e62733736060e	urn:braid:f22a4c1bdbc3ebbbd683f45ff8304703a391549ebd28e4be078e62733736060e	true	application/x-chunked-braid	did:primal:e867f89e-cafc-4431-9e5e-7ff78a43747e	1786499627019121436
37a0ae5dec939d1cd3bfedd66c653652052b3e7b278928d32e09a5c432662163	urn:braid:37a0ae5dec939d1cd3bfedd66c653652052b3e7b278928d32e09a5c432662163	true	application/x-chunked-braid	did:primal:e867f89e-cafc-4431-9e5e-7ff78a43747e	1786499626961136960
767295eccdb9cc3920ef7df386c11fb6aa9902be102e5f645edc1c4675885b06	urn:braid:767295eccdb9cc3920ef7df386c11fb6aa9902be102e5f645edc1c4675885b06	true	application/x-chunked-braid	did:primal:e867f89e-cafc-4431-9e5e-7ff78a43747e	1786499626780512862
9ae088f6159ecb635877c5098e873a89248187c426b06403a3286da5cdd9cac3	urn:braid:9ae088f6159ecb635877c5098e873a89248187c426b06403a3286da5cdd9cac3	true	application/x-chunked-braid	did:primal:e867f89e-cafc-4431-9e5e-7ff78a43747e	1786499626543364406
368b36f475a980810b846dd57950934ad34e15d4a916b587a8045e8b10e390b1	urn:braid:368b36f475a980810b846dd57950934ad34e15d4a916b587a8045e8b10e390b1	true	application/x-chunked-braid	did:primal:e867f89e-cafc-4431-9e5e-7ff78a43747e	1786499625925152699
23995a9092819fb4b7b64df8dcc8db328b982b052d3266bd4922169b035ba478	urn:braid:23995a9092819fb4b7b64df8dcc8db328b982b052d3266bd4922169b035ba478	true	application/x-chunked-braid	did:primal:e867f89e-cafc-4431-9e5e-7ff78a43747e	1786499625868824131
21bb630eaa6e05f0b5dd5d80325da104d284d7244a9f465b9ea8f920e839d4f8	urn:braid:21bb630eaa6e05f0b5dd5d80325da104d284d7244a9f465b9ea8f920e839d4f8	true	application/x-chunked-braid	did:primal:e867f89e-cafc-4431-9e5e-7ff78a43747e	1786499625714681129
4a75dcad1672f03015980fdc6418001c87e761f040e4c9b5eb337b02af7fd9cc	urn:braid:4a75dcad1672f03015980fdc6418001c87e761f040e4c9b5eb337b02af7fd9cc	true	application/x-chunked-braid	did:primal:e867f89e-cafc-4431-9e5e-7ff78a43747e	1786499572915220007
b7957a361e68542f509c3784ab85dc9e1863648e3d95fd34c728031ee3eb0138	urn:braid:b7957a361e68542f509c3784ab85dc9e1863648e3d95fd34c728031ee3eb0138	true	application/x-chunked-braid	did:primal:e867f89e-cafc-4431-9e5e-7ff78a43747e	1786499572803553577
535752847cf4858a57c393e1586e08806716efcabe16754eeb00fb4ce6f29bb5	urn:braid:535752847cf4858a57c393e1586e08806716efcabe16754eeb00fb4ce6f29bb5	true	application/x-chunked-braid	did:primal:e867f89e-cafc-4431-9e5e-7ff78a43747e	1786499572741350171
28ffa6cb1f9847aaa28ef3a6a030d154ba48a16b355e3088e6770deca7725eef	urn:braid:28ffa6cb1f9847aaa28ef3a6a030d154ba48a16b355e3088e6770deca7725eef	true	application/x-chunked-braid	did:primal:e867f89e-cafc-4431-9e5e-7ff78a43747e	1786499572597424737
a7a871c1f92eca3e8c2c08808f0da493ecc08f4926fb7cf15a7e542339acdd07	urn:braid:a7a871c1f92eca3e8c2c08808f0da493ecc08f4926fb7cf15a7e542339acdd07	true	application/x-chunked-braid	did:primal:e867f89e-cafc-4431-9e5e-7ff78a43747e	1786499571398207170
86b8fb80089fdd1441afde20064c9f150c4edb8615947e4fc5c1b3095205638b	urn:braid:86b8fb80089fdd1441afde20064c9f150c4edb8615947e4fc5c1b3095205638b	true	application/x-chunked-braid	did:primal:e867f89e-cafc-4431-9e5e-7ff78a43747e	1786499522430566922
e850b94c5fde456a16f0d5a14d2fe65825183e464ba8905890483e32f3ea783e	urn:braid:e850b94c5fde456a16f0d5a14d2fe65825183e464ba8905890483e32f3ea783e	true	application/x-chunked-braid	did:primal:e867f89e-cafc-4431-9e5e-7ff78a43747e	1786499522059552759
552ae3c709e52ce46ce20d29823d8583e0a0980f3cd8a2df3078d00371c06529	urn:braid:552ae3c709e52ce46ce20d29823d8583e0a0980f3cd8a2df3078d00371c06529	true	application/x-chunked-braid	did:primal:e867f89e-cafc-4431-9e5e-7ff78a43747e	1786499521919023192
